-- phpMyAdmin SQL Dump
-- version 4.7.4
-- https://www.phpmyadmin.net/
--
-- Host: 127.0.0.1
-- Generation Time: 19-Fev-2018 às 18:41
-- Versão do servidor: 10.1.28-MariaDB
-- PHP Version: 7.1.10

drop database if exists senac_neb;
create database senac_neb;
use senac_neb;

SET SQL_MODE = "NO_AUTO_VALUE_ON_ZERO";
SET AUTOCOMMIT = 0;
START TRANSACTION;
SET time_zone = "+00:00";


/*!40101 SET @OLD_CHARACTER_SET_CLIENT=@@CHARACTER_SET_CLIENT */;
/*!40101 SET @OLD_CHARACTER_SET_RESULTS=@@CHARACTER_SET_RESULTS */;
/*!40101 SET @OLD_COLLATION_CONNECTION=@@COLLATION_CONNECTION */;
/*!40101 SET NAMES utf8mb4 */;

--
-- Database: `senac_neb`
--

-- --------------------------------------------------------

--
-- Estrutura da tabela `agenda`
--

CREATE TABLE `agenda` (
  `id` bigint(20) NOT NULL,
  `assunto` varchar(255) NOT NULL,
  `cadastroEvento` date DEFAULT NULL,
  `convidado` varchar(255) DEFAULT NULL,
  `descricao` longtext NOT NULL,
  `dia_evento` datetime NOT NULL,
  `email2` date DEFAULT NULL,
  `email3` date DEFAULT NULL,
  `idUsuario` bigint(20) DEFAULT NULL
) ENGINE=MyISAM DEFAULT CHARSET=latin1;

--
-- Extraindo dados da tabela `agenda`
--

INSERT INTO `agenda` (`id`, `assunto`, `cadastroEvento`, `convidado`, `descricao`, `dia_evento`, `email2`, `email3`, `idUsuario`) VALUES
(32, 'Teste', '2018-02-15', 'tjunior103@hotmail.com', 'teste', '2018-02-15 02:00:00', NULL, NULL, 1),
(33, 'teste', '2018-02-15', 'tjunior103@hotmail.com;cel055.web@gmail.com;pablocbatista@gmail.com', 'Aqui é descrição do corpo de e-mail.', '2018-02-17 09:00:00', '2018-02-16', '2018-02-17', 1);

-- --------------------------------------------------------

--
-- Estrutura da tabela `dia_da_semana`
--

CREATE TABLE `dia_da_semana` (
  `id` bigint(20) NOT NULL,
  `nomeDoDia` varchar(255) DEFAULT NULL,
  `numeroDoDia` int(11) DEFAULT NULL
) ENGINE=MyISAM DEFAULT CHARSET=latin1;

--
-- Extraindo dados da tabela `dia_da_semana`
--

INSERT INTO `dia_da_semana` (`id`, `nomeDoDia`, `numeroDoDia`) VALUES
(1, 'Domingo', 1),
(2, 'Segunda', 2),
(3, 'Terça', 3),
(4, 'Quarta', 4),
(5, 'Quinta', 5),
(6, 'Sexta', 6),
(7, 'Sábado', 7);

-- --------------------------------------------------------

--
-- Estrutura da tabela `funcao`
--

CREATE TABLE `funcao` (
  `id` bigint(20) NOT NULL,
  `descricao` longtext,
  `nome` varchar(50) NOT NULL
) ENGINE=MyISAM DEFAULT CHARSET=latin1;

-- --------------------------------------------------------

--
-- Estrutura da tabela `funcionario`
--

CREATE TABLE `funcionario` (
  `id` bigint(20) NOT NULL,
  `email` varchar(255) DEFAULT NULL,
  `nome` varchar(50) NOT NULL,
  `idFuncao` bigint(20) DEFAULT NULL
) ENGINE=MyISAM DEFAULT CHARSET=latin1;

-- --------------------------------------------------------

--
-- Estrutura da tabela `perfil`
--

CREATE TABLE `perfil` (
  `id` bigint(20) NOT NULL,
  `descricao` varchar(255) DEFAULT NULL,
  `nome` varchar(255) DEFAULT NULL,
  `tipo` varchar(255) DEFAULT NULL
) ENGINE=MyISAM DEFAULT CHARSET=latin1;

--
-- Extraindo dados da tabela `perfil`
--

INSERT INTO `perfil` (`id`, `descricao`, `nome`, `tipo`) VALUES
(1, 'teste teste', 'Admin', 'ROLE_ADMIN');

-- --------------------------------------------------------

--
-- Estrutura da tabela `reserva`
--

CREATE TABLE `reserva` (
  `id` bigint(20) NOT NULL,
  `fim` date DEFAULT NULL,
  `informacao` varchar(255) DEFAULT NULL,
  `inicio` date DEFAULT NULL,
  `periodo` varchar(255) DEFAULT NULL,
  `idUsuario` bigint(20) DEFAULT NULL,
  `idSala` bigint(20) DEFAULT NULL
) ENGINE=MyISAM DEFAULT CHARSET=latin1;

--
-- Extraindo dados da tabela `reserva`
--

INSERT INTO `reserva` (`id`, `fim`, `informacao`, `inicio`, `periodo`, `idUsuario`, `idSala`) VALUES
(9, '2018-02-02', 'Pós de Pessoas', '2018-02-02', 'Noturno', 1, 1),
(10, '2018-02-03', 'Pós de Pessoas', '2018-02-03', 'Matutino', 1, 1),
(11, '2018-02-03', 'Pós de Pessoas', '2018-02-03', 'Vespertino', 1, 1),
(12, '2018-02-16', 'Pós Pessoas', '2018-02-16', 'Noturno', 1, 1),
(13, '2018-02-17', 'Pós Pessoas', '2018-02-17', 'Matutino', 1, 1),
(14, '2018-02-17', 'Pós Pessoas', '2018-02-17', 'Vespertino', 1, 1),
(15, '2018-06-29', 'Técnico em Informática para Internet', '2018-02-19', 'Noturno', 4, 5),
(16, '2018-03-02', 'Pós de Pessoas ', '2018-03-02', 'Noturno', 5, 1),
(17, '2018-07-20', 'Técnico em Design de Interiores', '2018-02-19', 'Noturno', 6, 18),
(18, '2018-04-18', 'Técnico em Imagem Pessoal Mód3', '2018-02-19', 'Noturno', 6, 24),
(19, '2018-07-10', 'ADS 2017/2', '2018-02-17', 'Noturno', 1, 3),
(20, '2018-07-13', 'ADS 2017/1', '2018-02-19', 'Noturno', 1, 6),
(21, '2018-07-13', 'ADS 2018/1', '2018-02-19', 'Noturno', 1, 17),
(22, '2018-07-13', 'PG 3 fase ', '2018-02-19', 'Noturno', 1, 10),
(23, '2018-07-13', 'PG 1ª fase', '2018-02-19', 'Noturno', 1, 11),
(24, '2018-07-13', 'T. Enf. 003', '2018-02-19', 'Noturno', 1, 13),
(25, '2018-07-13', 'RH 3ª fase', '2018-02-19', 'Noturno', 1, 14),
(26, '2018-07-13', 'T. Enf 004', '2018-02-19', 'Noturno', 1, 16),
(27, '2018-07-13', 'RH 4ª fase', '2018-02-19', 'Noturno', 1, 21),
(28, '2018-07-13', 'RH 1ª fase', '2018-02-19', 'Noturno', 1, 22),
(29, '2018-09-28', 'Técnico em Imagem Pessoal Módulo IV', '2018-05-01', 'Noturno', 6, 24),
(30, '2018-03-03', 'Pós Pessoa', '2018-03-03', 'Matutino', 1, 1),
(31, '2018-03-03', 'Pós Pessoa', '2018-03-03', 'Vespertino', 1, 1),
(32, '2018-12-14', 'ADS 2017/1', '2018-07-30', 'Noturno', 1, 6),
(33, '2019-07-12', 'ADS 2017/1', '2019-02-18', 'Noturno', 1, 6),
(34, '2018-12-14', 'ADS 2017/2', '2018-07-30', 'Noturno', 1, 3),
(35, '2019-07-12', 'ADS 2017/2', '2019-02-18', 'Noturno', 1, 3),
(36, '2019-12-13', 'ADS 2017/2', '2019-07-29', 'Noturno', 1, 3),
(37, '2018-12-14', 'ADS 2018/1', '2018-07-30', 'Noturno', 1, 17),
(38, '2019-07-12', 'ADS 2018/1', '2019-02-18', 'Noturno', 1, 17),
(39, '2019-12-13', 'ADS 2018/1', '2019-07-29', 'Noturno', 1, 17),
(40, '2020-07-10', 'ADS 2018/1', '2020-02-17', 'Noturno', 1, 17),
(41, '2018-02-28', 'JA 2016.0779.003', '2018-02-02', 'Vespertino', 8, 4),
(42, '2018-03-14', 'JA 2017.0779.003', '2018-03-01', 'Vespertino', 8, 4),
(43, '2018-02-28', 'JA 2017.0779.004', '2018-02-05', 'Vespertino', 8, 10),
(44, '2018-03-30', 'JA 2016.0779.004', '2018-03-02', 'Vespertino', 8, 10),
(45, '2018-04-09', 'JA 2016.0779.004', '2018-04-02', 'Vespertino', 8, 10),
(46, '2018-04-30', 'JA 2017.0779.001', '2018-02-02', 'Vespertino', 8, 11),
(47, '2018-05-18', 'JA 2017.0779.001', '2018-05-02', 'Vespertino', 8, 11),
(48, '2018-07-12', 'JA 2017.0779.002', '2018-02-01', 'Vespertino', 8, 2),
(49, '2018-10-30', 'JA 2017.0779.002', '2018-08-16', 'Vespertino', 8, 2),
(50, '2018-11-14', 'JA 2017.0779.002', '2018-11-01', 'Vespertino', 8, 2),
(51, '2018-02-09', 'JA 2018.0779.001', '2018-02-05', 'Matutino', 8, 4),
(52, '2018-07-12', 'JA 2018.0779.001', '2018-02-15', 'Matutino', 8, 4),
(53, '2018-12-13', 'JA 2018.0779.001', '2018-07-24', 'Matutino', 8, 4),
(54, '2019-03-21', 'JA 2018.0779.001', '2019-01-29', 'Matutino', 8, 4),
(55, '2019-05-09', 'JA 2018.0779.001', '2019-03-26', 'Matutino', 8, 4),
(56, '2018-02-09', 'JA 2018.0779.002', '2018-02-05', 'Vespertino', 8, 12),
(57, '2018-07-12', 'JA 2018.0779.002', '2018-03-15', 'Vespertino', 8, 12),
(58, '2018-12-13', 'JA 2018.0779.002', '2018-07-24', 'Vespertino', 8, 12),
(59, '2019-03-21', 'JA 2018.0779.002', '2019-01-29', 'Vespertino', 8, 12),
(60, '2019-05-09', 'JA 2018.0779.002', '2019-03-26', 'Vespertino', 8, 12),
(61, '2018-12-14', 'TE03', '2018-07-30', 'Noturno', 9, 13),
(62, '2018-12-14', 'TE4', '2018-07-30', 'Noturno', 9, 16),
(63, '2019-07-12', 'TE4', '2019-02-18', 'Noturno', 9, 16),
(64, '2018-12-14', 'RH 2ª Fase', '2018-07-30', 'Noturno', 1, 22),
(65, '2019-07-12', 'RH 3ª Fase', '2019-02-18', 'Noturno', 1, 22),
(66, '2019-12-13', 'RH 4ª Fase', '2019-07-29', 'Noturno', 1, 22),
(67, '2018-12-14', 'RH 1ª Fase', '2018-07-30', 'Noturno', 1, 21),
(68, '2019-07-12', 'RH 2ª Fase', '2019-02-18', 'Noturno', 1, 21),
(69, '2019-12-13', 'RH 3ª Fase', '2019-07-29', 'Noturno', 1, 21),
(70, '2020-07-10', 'RH 4ª Fase', '2020-02-17', 'Noturno', 1, 21),
(71, '2018-03-16', 'TE02', '2018-02-01', 'Noturno', 9, 12),
(72, '2018-12-14', 'RH 4ª Fase', '2018-07-30', 'Noturno', 1, 14),
(73, '2019-07-12', 'RH 1ª Fase', '2019-02-18', 'Noturno', 1, 14),
(74, '2019-12-13', 'RH 2ª Fase', '2019-07-29', 'Noturno', 1, 14),
(75, '2020-07-10', 'RH 3ª Fase', '2020-02-17', 'Noturno', 1, 14),
(76, '2020-12-11', 'RH 4ª Fase', '2020-07-27', 'Noturno', 1, 14),
(77, '2018-12-14', 'PG 4ª Fase', '2018-07-30', 'Noturno', 1, 10),
(78, '2019-07-12', 'PG 1ª Fase', '2019-02-18', 'Noturno', 1, 4),
(79, '2019-12-13', 'PG 2ª Fase', '2019-07-29', 'Noturno', 1, 4),
(80, '2020-07-10', 'PG 3ª Fase', '2020-02-17', 'Noturno', 1, 4),
(81, '2020-12-11', 'PG 4ª Fase', '2020-07-27', 'Noturno', 1, 4),
(82, '2019-12-13', 'RH 1ª Fase', '2019-07-29', 'Noturno', 1, 12),
(83, '2020-07-10', 'RH 2ª Fase', '2020-02-17', 'Noturno', 1, 12),
(84, '2020-12-11', 'RH 3ª Fase', '2020-07-27', 'Noturno', 1, 12),
(85, '2021-07-09', 'RH 4ª Fase', '2021-02-15', 'Noturno', 1, 12),
(86, '2019-12-13', 'PG 1ª Fase', '2019-07-29', 'Noturno', 1, 13),
(87, '2020-07-10', 'PG 2ª Fase', '2020-02-17', 'Noturno', 1, 13),
(88, '2020-12-11', 'PG 3ª Fase', '2020-07-27', 'Noturno', 1, 13),
(89, '2021-07-09', 'PG 4ª Fase', '2021-02-15', 'Noturno', 1, 13),
(90, '2019-12-13', 'ADS 2019/2 Fase 1', '2019-07-29', 'Noturno', 1, 6),
(91, '2020-07-10', 'ADS 2019/2 Fase 2', '2020-02-17', 'Noturno', 1, 6),
(92, '2020-12-11', 'ADS 2019/2 Fase 3', '2020-07-27', 'Noturno', 1, 6),
(93, '2021-07-09', 'ADS 2019/2 Fase 4', '2021-02-15', 'Noturno', 1, 6),
(94, '2021-12-17', 'ADS 2019/2 Fase 5', '2021-07-26', 'Noturno', 1, 6),
(95, '2018-03-23', 'Pós Pessoas', '2018-03-23', 'Noturno', 1, 1),
(96, '2018-03-24', 'Pós Pessoas', '2018-03-24', 'Matutino', 1, 1),
(97, '2018-03-24', 'Pós Pessoa', '2018-03-24', 'Vespertino', 1, 1),
(98, '2018-04-06', 'Pós Pessoa', '2018-04-06', 'Noturno', 1, 1),
(99, '2018-04-07', 'Pós Pessoa', '2018-04-07', 'Vespertino', 1, 1),
(100, '2018-04-07', 'Pós Pessoa', '2018-04-07', 'Matutino', 1, 1),
(101, '2018-04-27', 'Pós Pessoa', '2018-04-27', 'Noturno', 1, 1),
(102, '2018-04-28', 'Pós Pessoa', '2018-04-28', 'Matutino', 1, 1),
(103, '2018-04-28', 'Pós pessoa', '2018-04-28', 'Vespertino', 1, 1),
(104, '2018-05-04', 'Pós Pessoa', '2018-05-04', 'Noturno', 1, 1),
(105, '2018-05-05', 'Pós Pessoa', '2018-05-05', 'Matutino', 1, 1),
(106, '2018-05-05', 'Pós Pessoa', '2018-05-05', 'Vespertino', 1, 1),
(107, '2018-05-18', 'Pós Pessoa', '2018-05-18', 'Noturno', 1, 1),
(108, '2018-05-19', 'Pós Pessoa', '2018-05-19', 'Matutino', 1, 1),
(109, '2018-05-19', 'Pós Pessoa', '2018-05-19', 'Vespertino', 1, 1),
(110, '2018-06-08', 'Pós Pessoa', '2018-06-08', 'Noturno', 1, 1),
(111, '2018-06-09', 'Pós Pessoa', '2018-06-09', 'Vespertino', 1, 1),
(112, '2018-06-15', 'Pós Pessoa', '2018-06-15', 'Noturno', 1, 1),
(113, '2018-06-16', 'Pós Pessoa', '2018-06-16', 'Matutino', 1, 1),
(114, '2018-06-16', 'Pós Pessoa', '2018-06-16', 'Vespertino', 1, 1),
(115, '2018-06-29', 'Pós Pessoa', '2018-06-29', 'Noturno', 1, 1),
(116, '2018-06-30', 'Pós Pessoa', '2018-06-30', 'Matutino', 1, 1),
(117, '2018-06-30', 'Pós Pessoa', '2018-06-30', 'Vespertino', 1, 1),
(118, '2018-07-13', 'Pós Pessoas', '2018-07-13', 'Noturno', 1, 1),
(119, '2018-07-14', 'Pós Pessoas', '2018-07-14', 'Matutino', 1, 1),
(120, '2018-07-14', 'Pós Pessoas', '2018-07-14', 'Vespertino', 1, 1),
(121, '2018-07-27', 'Pós Pessoas', '2018-07-27', 'Noturno', 1, 1),
(122, '2018-07-28', 'Pós Pessoas', '2018-07-28', 'Matutino', 1, 1),
(123, '2018-07-28', 'Pós Pessoas', '2018-07-28', 'Vespertino', 1, 1),
(124, '2018-08-17', 'Pós Pessoas', '2018-08-17', 'Noturno', 1, 1),
(125, '2018-08-18', 'Pós Pessoas', '2018-08-18', 'Matutino', 1, 1),
(126, '2018-08-18', 'Pós Pessoas', '2018-08-18', 'Vespertino', 1, 1),
(127, '2018-08-31', 'Pós Pessoas', '2018-08-31', 'Noturno', 1, 1),
(128, '2018-09-01', 'Pós Pessoas', '2018-09-01', 'Matutino', 1, 1),
(129, '2018-09-01', 'Pós Pessoas', '2018-09-01', 'Vespertino', 1, 1),
(130, '2018-09-14', 'Pós Pessoas', '2018-09-14', 'Noturno', 1, 1),
(131, '2018-09-15', 'Pós Pessoas', '2018-09-15', 'Matutino', 1, 1),
(132, '2018-09-15', 'Pós Pessoas', '2018-09-15', 'Vespertino', 1, 1),
(133, '2018-09-28', 'Pós Pessoas', '2018-09-28', 'Noturno', 1, 1),
(134, '2018-09-29', 'Pós Pessoas', '2018-09-29', 'Matutino', 1, 1),
(135, '2018-09-29', 'Pós Pessoas', '2018-09-29', 'Vespertino', 1, 1),
(136, '2018-10-19', 'Pós Pessoas', '2018-10-19', 'Noturno', 1, 1),
(137, '2018-10-20', 'Pós Pessoas', '2018-10-20', 'Matutino', 1, 1),
(138, '2018-10-20', 'Pós Pessoas', '2018-10-20', 'Vespertino', 1, 1),
(139, '2018-10-26', 'Pós Pessoas', '2018-10-26', 'Noturno', 1, 1),
(140, '2018-10-27', 'Pós Pessoas', '2018-10-27', 'Matutino', 1, 1),
(141, '2018-10-27', 'Pós Pessoas', '2018-10-27', 'Vespertino', 1, 1),
(142, '2018-11-09', 'Pós Pessoas', '2018-11-09', 'Noturno', 1, 1),
(143, '2018-11-10', 'Pós Pessoas', '2018-11-10', 'Matutino', 1, 1),
(144, '2018-11-10', 'Pós Pessoas', '2018-11-10', 'Vespertino', 1, 1),
(145, '2018-11-23', 'Pós Pessoas', '2018-11-23', 'Noturno', 1, 1),
(146, '2018-11-24', 'Pós Pessoas', '2018-11-24', 'Matutino', 1, 1),
(147, '2018-11-24', 'Pós Pessoas', '2018-11-24', 'Vespertino', 1, 1),
(148, '2018-12-07', 'Pós Pessoas', '2018-12-07', 'Noturno', 1, 1),
(149, '2018-12-08', 'Pós Pessoas', '2018-12-08', 'Matutino', 1, 1),
(150, '2018-12-08', 'Pós Pessoas', '2018-12-08', 'Vespertino', 1, 1),
(151, '2018-02-02', 'Pós GP', '2018-02-02', 'Noturno', 1, 2),
(152, '2018-02-03', 'Pós GP', '2018-02-03', 'Matutino', 1, 2),
(153, '2018-02-03', 'Pós GP', '2018-02-03', 'Vespertino', 1, 2),
(154, '2018-02-16', 'Pós GP', '2018-02-16', 'Noturno', 1, 2),
(155, '2018-02-17', 'Pós GP', '2018-02-17', 'Matutino', 1, 2),
(156, '2018-02-17', 'Pós GP', '2018-02-17', 'Vespertino', 1, 2),
(157, '2018-03-02', 'Pós GP', '2018-03-02', 'Noturno', 1, 2),
(158, '2018-03-03', 'Pós GP', '2018-03-03', 'Matutino', 1, 2),
(159, '2018-03-03', 'Pós GP', '2018-03-03', 'Vespertino', 1, 2),
(160, '2018-03-23', 'Pós GP', '2018-03-23', 'Noturno', 1, 2),
(161, '2018-03-24', 'Pós GP', '2018-03-24', 'Matutino', 1, 2),
(162, '2018-03-24', 'Pós GP', '2018-03-24', 'Vespertino', 1, 2),
(163, '2018-04-06', 'Pós GP', '2018-04-06', 'Noturno', 1, 2),
(164, '2018-04-07', 'Pós GP', '2018-04-07', 'Matutino', 1, 2),
(165, '2018-04-07', 'Pós GP', '2018-04-07', 'Vespertino', 1, 2),
(166, '2018-04-27', 'Pós GP', '2018-04-27', 'Noturno', 1, 2),
(167, '2018-04-28', 'Pós GP', '2018-04-28', 'Matutino', 1, 2),
(168, '2018-04-28', 'Pós GP', '2018-04-28', 'Vespertino', 1, 2),
(169, '2018-04-13', 'Pós FC', '2018-04-13', 'Noturno', 4, 9),
(170, '2018-04-14', 'Pós FC', '2018-04-14', 'Matutino', 4, 9),
(171, '2018-04-14', 'Pós FC', '2018-04-14', 'Vespertino', 4, 9),
(172, '2018-04-27', 'Pós FC', '2018-04-27', 'Noturno', 4, 9),
(173, '2018-04-28', '27/04/2018', '2018-04-28', 'Matutino', 4, 9),
(174, '2018-04-28', 'Pós FC', '2018-04-28', 'Vespertino', 4, 9),
(175, '2018-05-04', 'Pós GP', '2018-05-04', 'Noturno', 1, 2),
(176, '2018-05-05', 'Pós GP', '2018-05-05', 'Matutino', 1, 2),
(177, '2018-05-05', 'Pós GP', '2018-05-05', 'Vespertino', 1, 2),
(178, '2018-05-18', 'Pós GP', '2018-05-18', 'Noturno', 1, 2),
(179, '2018-05-19', 'Pós GP', '2018-05-19', 'Matutino', 1, 2),
(180, '2018-05-19', 'Pós GP', '2018-05-19', 'Vespertino', 1, 2),
(181, '2018-06-08', 'Pós GP', '2018-06-08', 'Noturno', 1, 2),
(182, '2018-06-09', 'Pós GP', '2018-06-09', 'Matutino', 1, 2),
(183, '2018-06-09', 'Pós GP', '2018-06-09', 'Vespertino', 1, 2),
(184, '2018-06-15', 'Pós GP', '2018-06-15', 'Noturno', 1, 2),
(185, '2018-06-16', 'Pós GP', '2018-06-16', 'Matutino', 1, 2),
(186, '2018-06-16', 'Pós GP', '2018-06-16', 'Vespertino', 1, 2),
(187, '2018-06-29', 'Pós GP', '2018-06-29', 'Noturno', 1, 2),
(188, '2018-06-30', 'Pós GP', '2018-06-30', 'Matutino', 1, 2),
(189, '2018-06-30', 'Pós GP', '2018-06-30', 'Vespertino', 1, 2),
(190, '2018-07-13', 'Pós GP', '2018-07-13', 'Noturno', 1, 2),
(191, '2018-07-14', 'Pós GP', '2018-07-14', 'Matutino', 1, 2),
(192, '2018-07-14', 'Pós GP', '2018-07-14', 'Vespertino', 1, 2),
(193, '2018-07-27', 'Pós GP', '2018-07-27', 'Noturno', 1, 2),
(194, '2018-07-28', 'Pós GP', '2018-07-28', 'Matutino', 1, 2),
(195, '2018-07-28', 'Pós GP', '2018-07-28', 'Vespertino', 1, 2),
(196, '2018-08-17', 'Pós GP', '2018-08-17', 'Noturno', 1, 2),
(197, '2018-08-18', 'Pós GP', '2018-08-18', 'Matutino', 1, 2),
(198, '2018-08-18', 'Pós GP', '2018-08-18', 'Vespertino', 1, 2),
(199, '2018-08-31', 'Pós GP', '2018-08-31', 'Noturno', 1, 2),
(200, '2018-09-01', 'Pós GP', '2018-09-01', 'Matutino', 1, 2),
(201, '2018-09-01', 'Pós GP', '2018-09-01', 'Vespertino', 1, 2),
(202, '2018-09-14', 'Pós GP', '2018-09-14', 'Noturno', 1, 2),
(203, '2018-09-15', 'Pós GP', '2018-09-15', 'Matutino', 1, 2),
(204, '2018-09-15', 'Pós GP', '2018-09-15', 'Vespertino', 1, 2),
(205, '2018-10-19', 'Pós GP', '2018-10-19', 'Noturno', 1, 2),
(206, '2018-10-20', 'Pós GP', '2018-10-20', 'Matutino', 1, 2),
(207, '2018-10-20', 'Pós GP', '2018-10-20', 'Vespertino', 1, 2),
(208, '2018-09-28', 'Pós GP', '2018-09-28', 'Noturno', 1, 2),
(209, '2018-09-29', 'Pós GP', '2018-09-29', 'Matutino', 1, 2),
(210, '2018-09-29', 'Pós GP', '2018-09-29', 'Vespertino', 1, 2),
(211, '2018-05-11', 'Pós FC', '2018-05-11', 'Noturno', 4, 9),
(212, '2018-10-26', 'Pós GP', '2018-10-26', 'Noturno', 1, 2),
(213, '2018-10-27', 'Pós GP', '2018-10-27', 'Matutino', 1, 2),
(214, '2018-10-27', 'Pós GP', '2018-10-27', 'Vespertino', 1, 2),
(215, '2018-05-12', 'Pós FC', '2018-05-12', 'Matutino', 4, 9),
(216, '2018-11-09', 'Pós GP', '2018-11-09', 'Noturno', 1, 2),
(217, '2018-11-10', 'Pós GP', '2018-11-10', 'Matutino', 1, 2),
(218, '2018-11-10', 'Pós GP', '2018-11-10', 'Vespertino', 1, 2),
(219, '2018-11-23', 'Pós GP', '2018-11-23', 'Noturno', 1, 2),
(220, '2018-11-24', 'Pós GP', '2018-11-24', 'Matutino', 1, 2),
(221, '2018-11-24', 'Pós GP', '2018-11-24', 'Vespertino', 1, 2),
(222, '2018-05-12', 'Pós FC', '2018-05-12', 'Vespertino', 4, 9),
(223, '2018-12-07', 'Pós GP', '2018-12-07', 'Noturno', 1, 2),
(224, '2018-12-08', 'Pós GP', '2018-12-08', 'Matutino', 1, 2),
(225, '2018-12-08', 'Pós GP', '2018-12-08', 'Vespertino', 1, 2),
(226, '2019-02-22', 'Pós GP', '2019-02-22', 'Noturno', 1, 2),
(227, '2019-02-23', 'Pós GP', '2019-02-23', 'Matutino', 1, 2),
(228, '2019-02-23', 'Pós GP', '2019-02-23', 'Vespertino', 1, 2),
(229, '2019-03-08', 'Pós GP', '2019-03-08', 'Noturno', 1, 2),
(230, '2019-03-09', 'Pós GP', '2019-03-09', 'Matutino', 1, 2),
(231, '2019-03-09', 'Pós GP', '2019-03-09', 'Vespertino', 1, 2),
(232, '2019-03-22', 'Pós GP', '2019-03-22', 'Noturno', 1, 2),
(233, '2019-03-23', 'Pós GP', '2019-03-23', 'Vespertino', 1, 2),
(234, '2019-03-23', 'Pós GP', '2019-03-23', 'Matutino', 1, 2),
(235, '2018-05-25', 'Pós FC', '2018-05-25', 'Noturno', 4, 9),
(236, '2019-04-12', 'Pós GP', '2019-04-12', 'Noturno', 1, 2),
(237, '2019-04-13', 'Pós GP', '2019-04-13', 'Matutino', 1, 2),
(238, '2019-04-13', 'Pós GP', '2019-04-13', 'Vespertino', 1, 2),
(239, '2018-05-26', 'Pós FC', '2018-05-26', 'Vespertino', 4, 9),
(240, '2018-05-26', 'Pós FC', '2018-05-26', 'Matutino', 4, 9),
(241, '2018-02-02', 'Pós GEE', '2018-02-02', 'Noturno', 1, 9),
(242, '2018-06-08', 'Pós FC', '2018-06-08', 'Noturno', 4, 9),
(243, '2018-06-09', 'Pós FC', '2018-06-09', 'Matutino', 4, 9),
(244, '2018-02-03', 'Pós GEE', '2018-02-03', 'Matutino', 1, 9),
(245, '2018-06-09', 'Pós FC', '2018-06-09', 'Vespertino', 4, 9),
(246, '2018-02-03', 'Pós GEE', '2018-02-03', 'Vespertino', 1, 9),
(247, '2018-02-16', 'Pós GEE', '2018-02-16', 'Noturno', 1, 9),
(248, '2018-02-17', 'Pós GEE', '2018-02-17', 'Matutino', 1, 9),
(249, '2018-02-17', 'Pós GEE', '2018-02-17', 'Vespertino', 1, 9),
(250, '2018-03-02', 'Pós GEE', '2018-03-02', 'Noturno', 1, 9),
(251, '2018-03-03', 'Pós GEE', '2018-03-03', 'Matutino', 1, 9),
(252, '2018-06-22', 'Pós FC', '2018-06-22', 'Noturno', 4, 9),
(253, '2018-03-03', 'Pós GEE', '2018-03-03', 'Vespertino', 1, 9),
(254, '2018-06-23', 'Pós FC', '2018-06-23', 'Matutino', 4, 9),
(255, '2018-06-23', 'Pós FC', '2018-06-23', 'Vespertino', 4, 9),
(256, '2018-03-23', 'Pós GEE', '2018-03-23', 'Noturno', 1, 9),
(257, '2018-03-24', 'Pós GEE', '2018-03-24', 'Matutino', 1, 9),
(258, '2018-03-24', 'Pós GEE', '2018-03-24', 'Vespertino', 1, 9),
(259, '2018-04-06', 'Pós GEE', '2018-04-06', 'Noturno', 1, 9),
(260, '2018-07-06', 'Pós FC', '2018-07-06', 'Noturno', 4, 9),
(261, '2018-04-07', 'Pós GEE', '2018-04-07', 'Matutino', 1, 9),
(262, '2018-04-07', 'Pós GEE', '2018-04-07', 'Vespertino', 1, 9),
(263, '2018-07-07', 'Pós FC', '2018-07-07', 'Matutino', 4, 9),
(264, '2018-07-07', 'Pós FC', '2018-07-07', 'Vespertino', 4, 9),
(265, '2018-05-04', 'Pós GEE', '2018-05-04', 'Noturno', 1, 9),
(266, '2018-05-05', 'Pós GEE', '2018-05-05', 'Matutino', 1, 9),
(267, '2018-05-05', 'Pós GEE', '2018-05-05', 'Vespertino', 1, 9),
(268, '2018-07-20', 'Pós FC', '2018-07-20', 'Noturno', 4, 9),
(269, '2018-05-18', 'Pós GEE', '2018-05-18', 'Noturno', 1, 9),
(270, '2018-05-19', 'Pós GEE', '2018-05-19', 'Matutino', 1, 9),
(271, '2018-05-19', 'Pós GEE', '2018-05-19', 'Vespertino', 1, 9),
(272, '2018-07-21', 'Pós FC', '2018-07-21', 'Matutino', 4, 1),
(273, '2018-07-21', 'Pós FC', '2018-07-21', 'Vespertino', 4, 9),
(274, '2018-08-03', 'Pós FC', '2018-08-03', 'Noturno', 4, 9),
(275, '2018-06-15', 'Pós GEE', '2018-06-15', 'Noturno', 1, 9),
(276, '2018-06-16', 'Pós GEE', '2018-06-16', 'Matutino', 1, 9),
(277, '2018-06-16', 'Pós GEE', '2018-06-16', 'Vespertino', 1, 9),
(278, '2018-08-04', 'Pós FC', '2018-08-04', 'Matutino', 4, 9),
(279, '2018-08-04', 'Pós FC', '2018-08-04', 'Vespertino', 4, 9),
(280, '2018-06-29', 'Pós GEE', '2018-06-29', 'Noturno', 1, 9),
(281, '2018-08-24', 'Pós FC', '2018-08-24', 'Noturno', 4, 1),
(282, '2018-06-30', 'Pós GEE', '2018-06-30', 'Matutino', 1, 9),
(283, '2018-06-30', 'Pós GEE', '2018-06-30', 'Vespertino', 1, 9),
(284, '2018-07-21', 'Pós FC', '2018-07-21', 'Matutino', 4, 9),
(285, '2018-07-13', 'Pós GEE', '2018-07-13', 'Noturno', 1, 9),
(286, '2018-07-14', 'Pós GEE', '2018-07-14', 'Matutino', 1, 9),
(287, '2018-08-24', 'Pós FC', '2018-08-24', 'Noturno', 4, 9),
(288, '2018-07-14', 'Pós GEE', '2018-07-14', 'Vespertino', 1, 9),
(289, '2018-08-25', 'Pós FC', '2018-08-25', 'Matutino', 4, 9),
(290, '2018-08-25', 'Pós FC', '2018-08-25', 'Vespertino', 4, 9),
(291, '2018-07-27', 'Pós GEE', '2018-07-27', 'Noturno', 1, 9),
(292, '2018-09-14', 'Pós FC', '2018-09-14', 'Noturno', 4, 9),
(293, '2018-07-28', 'Pós GEE', '2018-07-28', 'Vespertino', 1, 9),
(294, '2018-09-15', 'Pós FC', '2018-09-15', 'Matutino', 4, 9),
(295, '2018-09-15', 'Pós FC', '2018-09-15', 'Vespertino', 4, 9),
(296, '2018-07-28', 'Pós GEE', '2018-07-28', 'Matutino', 1, 9),
(301, '2018-08-17', 'Pós GEE', '2018-08-17', 'Noturno', 1, 9),
(298, '2018-08-24', 'Pós FC', '2018-08-24', 'Noturno', 4, 9),
(299, '2018-08-18', 'Pós GEE', '2018-08-18', 'Matutino', 1, 9),
(300, '2018-08-18', 'Pós GEE', '2018-08-18', 'Vespertino', 1, 9),
(302, '2018-08-31', 'Pós GEE', '2018-08-31', 'Noturno', 1, 9),
(303, '2018-09-01', 'Pós GEE', '2018-09-01', 'Matutino', 1, 9),
(304, '2018-09-01', 'Pós GEE', '2018-09-01', 'Vespertino', 1, 9),
(305, '2018-09-28', 'Pós GEE', '2018-09-28', 'Noturno', 1, 9),
(306, '2018-09-29', 'Pós GEE', '2018-09-29', 'Matutino', 1, 9),
(307, '2018-09-21', 'Pós FC', '2018-09-21', 'Noturno', 4, 9),
(308, '2018-09-29', 'Pós GEE', '2018-09-29', 'Vespertino', 1, 9),
(309, '2018-09-22', 'Pós FC', '2018-09-22', 'Matutino', 4, 9),
(310, '2018-09-22', 'Pós FC', '2018-09-22', 'Vespertino', 4, 9),
(311, '2018-10-05', 'Pós FC', '2018-10-05', 'Noturno', 4, 9),
(312, '2018-10-06', 'Pós FC', '2018-10-06', 'Vespertino', 4, 9),
(313, '2018-10-06', 'Pós FC', '2018-10-06', 'Matutino', 4, 9),
(314, '2018-10-26', 'Pós GEE', '2018-10-26', 'Noturno', 1, 9),
(315, '2018-10-27', 'Pós GEE', '2018-10-27', 'Matutino', 1, 9),
(316, '2018-10-27', 'Pós GEE', '2018-10-27', 'Vespertino', 1, 9),
(317, '2018-11-23', 'Pós GEE', '2018-11-23', 'Noturno', 1, 9),
(318, '2018-11-24', 'Pós GEE', '2018-11-24', 'Matutino', 1, 9),
(319, '2018-11-24', 'Pós GEE', '2018-11-24', 'Vespertino', 1, 9),
(320, '2018-12-14', 'Pós FC', '2018-12-14', 'Noturno', 1, 9),
(321, '2018-12-15', 'Pós FC', '2018-12-15', 'Matutino', 1, 9),
(322, '2018-12-15', 'Pós FC', '2018-12-15', 'Vespertino', 1, 9),
(323, '2018-10-19', 'Pós FC', '2018-10-19', 'Noturno', 4, 9),
(324, '2018-10-20', 'Pós FC', '2018-10-20', 'Matutino', 4, 9),
(325, '2018-02-02', 'Pós SI', '2018-02-02', 'Noturno', 1, 5),
(326, '2018-02-03', 'Pós SI', '2018-02-03', 'Matutino', 1, 5),
(327, '2018-02-03', 'Pós SI', '2018-02-03', 'Vespertino', 1, 5),
(328, '2018-10-20', 'Pós FC', '2018-10-20', 'Vespertino', 4, 9),
(329, '2018-11-09', 'Pós FC', '2018-11-09', 'Noturno', 4, 9),
(330, '2018-11-10', 'Pós FC', '2018-11-10', 'Matutino', 4, 9),
(331, '2018-11-10', 'Pós FC', '2018-11-10', 'Vespertino', 4, 9),
(332, '2018-11-30', 'Pós FC', '2018-11-30', 'Noturno', 4, 9),
(333, '2018-02-16', 'Pós SI', '2018-02-16', 'Noturno', 1, 5),
(334, '2018-12-01', 'Pós FC', '2018-12-01', 'Matutino', 4, 9),
(335, '2018-02-17', 'Pós SI', '2018-02-17', 'Matutino', 1, 5),
(336, '2018-12-01', 'Pós FC', '2018-12-01', 'Vespertino', 4, 9),
(337, '2018-02-17', 'Pós SI', '2018-02-17', 'Vespertino', 1, 5),
(338, '2019-02-01', 'Pós FC', '2019-02-01', 'Noturno', 4, 9),
(339, '2018-03-02', 'Pós SI', '2018-03-02', 'Noturno', 1, 20),
(340, '2019-02-02', 'Pós FC', '2019-02-02', 'Matutino', 4, 9),
(341, '2018-03-03', 'Pós SI', '2018-03-03', 'Matutino', 1, 5),
(342, '2019-02-02', 'Pós FC', '2019-02-02', 'Vespertino', 4, 9),
(343, '2018-03-03', 'Pós SI', '2018-03-03', 'Vespertino', 1, 5),
(344, '2018-03-23', 'Pós SI', '2018-03-23', 'Noturno', 1, 20),
(345, '2019-02-15', 'Pós FC', '2019-02-15', 'Noturno', 4, 9),
(346, '2018-03-24', 'Pós SI', '2018-03-24', 'Matutino', 1, 5),
(347, '2018-03-24', 'Pós SI', '2018-03-24', 'Vespertino', 1, 5),
(348, '2019-02-16', 'Pós FC', '2019-02-16', 'Matutino', 4, 9),
(349, '2019-02-16', 'Pós FC', '2019-02-16', 'Vespertino', 4, 9),
(350, '2018-04-06', 'Pós SI', '2018-04-06', 'Noturno', 1, 20),
(351, '2018-04-07', 'Pós SI', '2018-04-07', 'Matutino', 1, 5),
(352, '2019-03-15', 'Pós FC', '2019-03-15', 'Noturno', 4, 9),
(353, '2018-04-07', 'Pós SI', '2018-04-07', 'Vespertino', 1, 5),
(354, '2019-03-16', 'Pós FC', '2019-03-16', 'Vespertino', 4, 9),
(355, '2019-03-29', 'Pós FC', '2019-03-29', 'Noturno', 4, 9),
(356, '2019-03-30', 'Pós FC', '2019-03-30', 'Matutino', 4, 9),
(357, '2019-03-30', 'Pós FC', '2019-03-30', 'Vespertino', 4, 9),
(358, '2019-03-16', 'Pós FC', '2019-03-16', 'Matutino', 4, 9),
(359, '2019-04-05', 'Pós FC', '2019-04-05', 'Noturno', 4, 9),
(360, '2019-04-06', 'Pós FC', '2019-04-06', 'Matutino', 4, 9),
(361, '2018-04-27', 'Pós SI', '2018-04-27', 'Noturno', 1, 20),
(362, '2019-04-06', 'Pós FC', '2019-04-06', 'Vespertino', 4, 9),
(363, '2018-04-28', 'Pós SI', '2018-04-28', 'Matutino', 1, 5),
(364, '2019-04-26', 'Pós FC', '2019-04-26', 'Noturno', 4, 9),
(365, '2018-04-28', 'Pós SI', '2018-04-28', 'Vespertino', 1, 5),
(366, '2019-04-27', 'Pós FC', '2019-04-27', 'Matutino', 4, 9),
(367, '2018-05-04', 'Pós SI', '2018-05-04', 'Noturno', 1, 20),
(368, '2019-04-27', 'Pós FC', '2019-04-27', 'Vespertino', 4, 9),
(369, '2018-05-05', 'Pós SI', '2018-05-05', 'Matutino', 1, 5),
(370, '2018-05-05', 'Pós SI', '2018-05-05', 'Vespertino', 1, 5),
(371, '2019-05-03', 'Pós FC', '2019-05-03', 'Noturno', 4, 9),
(372, '2019-05-04', 'Pós FC', '2019-05-04', 'Matutino', 4, 9),
(373, '2018-05-18', 'Pós SI', '2018-05-18', 'Noturno', 1, 20),
(374, '2019-05-04', 'Pós FC', '2019-05-04', 'Vespertino', 4, 9),
(375, '2018-05-19', 'Pós SI', '2018-05-19', 'Matutino', 1, 5),
(376, '2018-05-19', 'Pós SI', '2018-05-19', 'Vespertino', 1, 5),
(377, '2019-05-17', 'Pós FC', '2019-05-17', 'Noturno', 4, 9),
(378, '2019-05-18', 'Pós FC', '2019-05-18', 'Matutino', 4, 9),
(379, '2019-05-18', 'Pós FC', '2019-05-18', 'Vespertino', 4, 9),
(380, '2018-06-08', 'Pós SI', '2018-06-08', 'Noturno', 1, 20),
(381, '2018-06-09', 'Pós SI', '2018-06-09', 'Matutino', 1, 5),
(382, '2019-05-31', 'Pós FC', '2019-05-31', 'Noturno', 4, 9),
(383, '2018-06-09', 'Pós SI', '2018-06-09', 'Vespertino', 1, 5),
(384, '2019-06-01', 'Pós FC', '2019-06-01', 'Matutino', 4, 9),
(385, '2019-06-01', 'Pós FC', '2019-06-01', 'Vespertino', 4, 9),
(386, '2018-06-15', 'Pós SI', '2018-06-15', 'Noturno', 1, 20),
(387, '2018-06-16', 'Pós SI', '2018-06-16', 'Matutino', 1, 5),
(388, '2019-06-14', 'Pós FC', '2019-06-14', 'Noturno', 4, 9),
(389, '2018-06-16', 'Pós SI', '2018-06-16', 'Vespertino', 1, 5),
(390, '2019-06-15', 'Pós FC', '2019-06-15', 'Matutino', 4, 9),
(391, '2019-06-15', 'Pós FC', '2019-06-15', 'Vespertino', 4, 9),
(392, '2018-06-29', 'Pós SI', '2018-06-29', 'Noturno', 1, 20),
(393, '2019-06-28', 'Pós FC', '2019-06-28', 'Noturno', 4, 9),
(394, '2018-06-30', 'Pós SI', '2018-06-30', 'Matutino', 1, 5),
(395, '2019-06-29', 'Pós FC', '2019-06-29', 'Matutino', 4, 9),
(396, '2018-06-30', 'Pós SI', '2018-06-30', 'Vespertino', 1, 5),
(397, '2019-06-29', 'Pós FC', '2019-06-29', 'Vespertino', 4, 9),
(398, '2019-07-12', 'Pós FC', '2019-07-12', 'Noturno', 4, 9),
(399, '2019-07-13', 'Pós FC', '2019-07-13', 'Vespertino', 4, 9),
(400, '2018-07-13', 'Pós SI', '2018-07-13', 'Noturno', 1, 5),
(401, '2019-07-13', 'Pós FC', '2019-07-13', 'Matutino', 4, 9),
(402, '2018-07-14', 'Pós SI', '2018-07-14', 'Matutino', 1, 5),
(403, '2019-07-26', 'Pós FC', '2019-07-26', 'Noturno', 4, 9),
(404, '2018-07-14', 'Pós SI', '2018-07-14', 'Vespertino', 1, 5),
(405, '2019-07-27', 'Pós FC', '2019-07-27', 'Matutino', 4, 9),
(406, '2019-07-27', 'Pós FC', '2019-07-27', 'Vespertino', 4, 9),
(407, '2018-07-27', 'Pós SI', '2018-07-27', 'Noturno', 1, 5),
(408, '2018-07-28', 'Pós SI', '2018-07-28', 'Matutino', 1, 5),
(409, '2019-08-09', 'Pós FC', '2019-08-09', 'Noturno', 4, 9),
(410, '2018-07-28', 'Pós SI', '2018-07-28', 'Vespertino', 1, 5),
(411, '2019-08-10', 'Pós FC', '2019-08-10', 'Matutino', 4, 9),
(412, '2019-08-10', 'Pós FC', '2019-08-10', 'Vespertino', 4, 9),
(413, '2018-08-17', 'Pós SI', '2018-08-17', 'Noturno', 1, 5),
(414, '2019-08-23', 'Pós FC', '2019-08-23', 'Noturno', 4, 9),
(415, '2018-08-18', 'Pós SI', '2018-08-18', 'Matutino', 1, 5),
(416, '2018-08-18', 'Pós SI', '2018-08-18', 'Vespertino', 1, 5),
(417, '2019-08-24', 'Pós FC', '2019-08-24', 'Matutino', 4, 9),
(418, '2019-08-24', 'Pós FC', '2019-08-24', 'Vespertino', 4, 9),
(419, '2018-08-31', 'Pós SI', '2018-08-31', 'Noturno', 1, 5),
(420, '2018-09-01', 'Pós SI', '2018-09-01', 'Matutino', 1, 5),
(421, '2018-09-01', 'Pós SI', '2018-09-01', 'Vespertino', 1, 5),
(422, '2018-09-14', 'Pós SI', '2018-09-14', 'Noturno', 1, 5),
(423, '2018-09-15', 'Pós SI', '2018-09-15', 'Matutino', 1, 5),
(424, '2018-09-15', 'Pós SI', '2018-09-15', 'Vespertino', 1, 5),
(425, '2018-09-28', 'Pós SI', '2018-09-28', 'Noturno', 1, 5),
(426, '2018-09-29', 'Pós SI', '2018-09-29', 'Matutino', 1, 5),
(427, '2018-09-29', 'Pós SI', '2018-09-29', 'Vespertino', 1, 5),
(428, '2018-10-19', 'Pós SI', '2018-10-19', 'Noturno', 1, 5),
(429, '2018-10-20', 'Pós SI', '2018-10-20', 'Matutino', 1, 5),
(430, '2018-10-20', 'Pós SI', '2018-10-20', 'Vespertino', 1, 5),
(431, '2018-10-26', 'Pós SI', '2018-10-26', 'Noturno', 1, 5),
(432, '2018-10-27', 'Pós SI', '2018-10-27', 'Matutino', 1, 5),
(433, '2018-10-27', 'Pós SI', '2018-10-27', 'Vespertino', 1, 5),
(434, '2018-11-09', 'Pós SI', '2018-11-09', 'Noturno', 1, 5),
(435, '2018-11-10', 'Pós SI', '2018-11-10', 'Matutino', 1, 5),
(436, '2018-11-10', 'Pós SI', '2018-11-10', 'Vespertino', 1, 5),
(437, '2019-02-22', 'Pós SI', '2019-02-22', 'Noturno', 4, 5),
(438, '2018-11-23', 'Pós SI', '2018-11-23', 'Noturno', 1, 5),
(439, '2018-11-24', 'Pós SI', '2018-11-24', 'Matutino', 1, 5),
(440, '2019-02-23', 'Pós SI', '2019-02-23', 'Matutino', 4, 5),
(441, '2018-11-24', 'Pós SI', '2018-11-24', 'Vespertino', 1, 5),
(442, '2019-02-23', 'Pós SI', '2019-02-23', 'Vespertino', 4, 5),
(443, '2019-03-08', 'Pós SI', '2019-03-08', 'Noturno', 4, 5),
(444, '2018-12-07', 'Pós SI', '2018-12-07', 'Noturno', 1, 5),
(445, '2018-12-08', 'Pós SI', '2018-12-08', 'Matutino', 1, 5),
(446, '2019-03-09', 'Pós SI', '2019-03-09', 'Matutino', 4, 5),
(447, '2018-12-08', 'Pós SI', '2018-12-08', 'Vespertino', 1, 5),
(448, '2019-03-09', 'Pós SI', '2019-03-09', 'Vespertino', 4, 5),
(449, '2019-03-22', 'Pós SI', '2019-03-22', 'Noturno', 4, 5),
(450, '2019-02-08', 'Pós SI', '2019-02-08', 'Noturno', 1, 5),
(451, '2019-03-23', 'Pós SI', '2019-03-23', 'Matutino', 4, 5),
(452, '2019-02-09', 'Pós SI', '2019-02-09', 'Matutino', 1, 5),
(453, '2019-03-23', 'Pós SI', '2019-03-23', 'Vespertino', 4, 5),
(454, '2019-02-09', 'Pós SI', '2019-02-09', 'Vespertino', 1, 5),
(455, '2019-04-12', 'Pós SI', '2019-04-12', 'Noturno', 4, 5),
(456, '2019-04-13', 'Pós SI', '2019-04-13', 'Matutino', 4, 5),
(457, '2019-04-13', 'Pós SI', '2019-04-13', 'Vespertino', 4, 5),
(458, '2018-03-10', 'Excel', '2018-01-20', 'Matutino', 6, 18),
(459, '2018-01-29', 'Cpaciatção EaD Pedagogos', '2018-01-29', 'Matutino', 6, 18),
(460, '2018-01-29', 'Capacitação Pedagogos', '2018-01-29', 'Vespertino', 6, 18),
(461, '2018-02-02', 'Pós Projetos - Professora Camila', '2018-02-02', 'Noturno', 5, 3),
(462, '2018-02-03', 'Pós Projetos - Professora Camila', '2018-02-03', 'Matutino', 5, 3),
(463, '2018-02-03', 'Pós Projetos - Professora Camila', '2018-02-03', 'Vespertino', 5, 3),
(464, '2018-02-22', 'TE 02', '2018-02-22', 'Noturno', 1, 7),
(465, '2018-03-09', 'TE 02', '2018-03-09', 'Noturno', 1, 7),
(466, '2018-03-13', 'TE 02', '2018-03-13', 'Noturno', 9, 7),
(467, '2018-02-08', 'Reunião com o dr para planejamento da criação do coworking na unidade', '2018-02-08', 'Matutino', 4, 1),
(468, '2018-02-09', 'teste', '2018-02-09', 'Matutino', 4, 25),
(469, '2018-02-21', 'Maquiador', '2018-02-21', 'Vespertino', 6, 18),
(470, '2018-02-19', 'aula aprendizagem - aloisio', '2018-02-19', 'Vespertino', 8, 18);

-- --------------------------------------------------------

--
-- Estrutura da tabela `reserva_dias_da_semana`
--

CREATE TABLE `reserva_dias_da_semana` (
  `reserva_id` bigint(20) NOT NULL,
  `dia_da_semana_id` bigint(20) NOT NULL
) ENGINE=MyISAM DEFAULT CHARSET=latin1;

--
-- Extraindo dados da tabela `reserva_dias_da_semana`
--

INSERT INTO `reserva_dias_da_semana` (`reserva_id`, `dia_da_semana_id`) VALUES
(9, 6),
(10, 7),
(11, 7),
(12, 6),
(13, 7),
(14, 7),
(15, 2),
(15, 3),
(15, 4),
(15, 5),
(15, 6),
(16, 6),
(17, 2),
(17, 3),
(17, 4),
(17, 5),
(17, 6),
(18, 2),
(18, 3),
(18, 4),
(18, 5),
(19, 2),
(19, 3),
(19, 4),
(19, 5),
(19, 6),
(20, 2),
(20, 3),
(20, 4),
(20, 5),
(20, 6),
(21, 2),
(21, 3),
(21, 4),
(21, 5),
(21, 6),
(22, 2),
(22, 3),
(22, 4),
(22, 5),
(22, 6),
(32, 2),
(23, 2),
(23, 3),
(23, 4),
(23, 5),
(23, 6),
(24, 2),
(24, 3),
(24, 4),
(24, 5),
(24, 6),
(25, 2),
(25, 3),
(25, 4),
(25, 5),
(25, 6),
(26, 2),
(26, 3),
(26, 4),
(26, 5),
(26, 6),
(27, 2),
(27, 3),
(27, 4),
(27, 5),
(27, 6),
(28, 2),
(28, 3),
(28, 4),
(28, 5),
(28, 6),
(29, 2),
(29, 3),
(29, 4),
(29, 5),
(30, 7),
(31, 7),
(32, 3),
(32, 4),
(32, 5),
(32, 6),
(33, 2),
(33, 3),
(33, 4),
(33, 5),
(33, 6),
(34, 2),
(34, 3),
(34, 4),
(34, 5),
(34, 6),
(35, 2),
(35, 3),
(35, 4),
(35, 5),
(35, 6),
(36, 2),
(36, 3),
(36, 4),
(36, 5),
(36, 6),
(37, 2),
(37, 3),
(37, 4),
(37, 5),
(37, 6),
(38, 2),
(38, 3),
(38, 4),
(38, 5),
(38, 6),
(39, 2),
(39, 3),
(39, 4),
(39, 5),
(39, 6),
(40, 2),
(40, 3),
(40, 4),
(40, 5),
(40, 6),
(41, 2),
(41, 4),
(41, 6),
(42, 3),
(42, 4),
(42, 6),
(43, 2),
(43, 4),
(44, 2),
(44, 4),
(44, 6),
(45, 2),
(45, 3),
(45, 4),
(45, 5),
(45, 6),
(46, 2),
(46, 4),
(47, 2),
(47, 4),
(47, 6),
(48, 3),
(48, 5),
(49, 3),
(49, 5),
(50, 3),
(50, 4),
(50, 5),
(51, 2),
(51, 3),
(51, 4),
(51, 5),
(51, 6),
(52, 3),
(52, 5),
(53, 3),
(53, 5),
(54, 3),
(54, 5),
(55, 3),
(55, 4),
(55, 5),
(56, 2),
(56, 3),
(56, 4),
(56, 5),
(56, 6),
(57, 3),
(57, 5),
(58, 3),
(58, 5),
(59, 3),
(59, 5),
(60, 3),
(60, 4),
(60, 5),
(61, 2),
(61, 3),
(61, 4),
(61, 5),
(61, 6),
(62, 2),
(62, 3),
(62, 4),
(62, 5),
(62, 6),
(63, 2),
(63, 3),
(63, 4),
(63, 5),
(63, 6),
(64, 2),
(64, 3),
(64, 4),
(64, 5),
(64, 6),
(65, 2),
(65, 3),
(65, 4),
(65, 5),
(65, 6),
(66, 2),
(66, 3),
(66, 4),
(66, 5),
(66, 6),
(67, 2),
(67, 3),
(67, 4),
(67, 5),
(67, 6),
(68, 2),
(68, 3),
(68, 4),
(68, 5),
(68, 6),
(69, 2),
(69, 3),
(69, 4),
(69, 5),
(69, 6),
(70, 2),
(70, 3),
(70, 4),
(70, 5),
(70, 6),
(71, 2),
(71, 3),
(71, 4),
(71, 5),
(71, 6),
(72, 2),
(72, 3),
(72, 4),
(72, 5),
(72, 6),
(73, 2),
(73, 3),
(73, 4),
(73, 5),
(73, 6),
(74, 2),
(74, 3),
(74, 4),
(74, 5),
(74, 6),
(75, 2),
(75, 3),
(75, 4),
(75, 5),
(75, 6),
(76, 2),
(76, 3),
(76, 4),
(76, 5),
(76, 6),
(77, 2),
(77, 3),
(77, 4),
(77, 5),
(77, 6),
(78, 2),
(78, 3),
(78, 4),
(78, 5),
(78, 6),
(79, 2),
(79, 3),
(79, 4),
(79, 5),
(79, 6),
(80, 2),
(80, 3),
(80, 4),
(80, 5),
(80, 6),
(81, 2),
(81, 3),
(81, 4),
(81, 5),
(81, 6),
(82, 2),
(82, 3),
(82, 4),
(82, 5),
(82, 6),
(83, 2),
(83, 3),
(83, 4),
(83, 5),
(83, 6),
(84, 2),
(84, 3),
(84, 4),
(84, 5),
(84, 6),
(85, 2),
(85, 3),
(85, 4),
(85, 5),
(85, 6),
(86, 2),
(86, 3),
(86, 4),
(86, 5),
(86, 6),
(87, 2),
(87, 3),
(87, 4),
(87, 5),
(87, 6),
(88, 2),
(88, 3),
(88, 4),
(88, 5),
(88, 6),
(89, 2),
(89, 3),
(89, 4),
(89, 5),
(89, 6),
(90, 2),
(90, 3),
(90, 4),
(90, 5),
(90, 6),
(91, 2),
(91, 3),
(91, 4),
(91, 5),
(91, 6),
(92, 2),
(92, 3),
(92, 4),
(92, 5),
(92, 6),
(93, 2),
(93, 3),
(93, 4),
(93, 5),
(93, 6),
(94, 2),
(94, 3),
(94, 4),
(94, 5),
(94, 6),
(95, 6),
(96, 7),
(97, 7),
(98, 6),
(99, 7),
(100, 7),
(101, 6),
(102, 7),
(103, 7),
(104, 6),
(105, 7),
(106, 7),
(107, 6),
(108, 7),
(109, 7),
(110, 6),
(111, 7),
(112, 6),
(113, 7),
(114, 7),
(115, 6),
(116, 7),
(117, 7),
(118, 6),
(119, 7),
(120, 7),
(121, 6),
(122, 7),
(123, 7),
(124, 6),
(125, 7),
(126, 7),
(127, 6),
(128, 7),
(129, 7),
(130, 6),
(131, 7),
(132, 7),
(133, 6),
(134, 7),
(135, 7),
(136, 6),
(137, 7),
(138, 7),
(139, 6),
(140, 7),
(141, 7),
(142, 6),
(143, 7),
(144, 7),
(145, 6),
(146, 7),
(147, 7),
(148, 6),
(149, 7),
(150, 7),
(151, 6),
(152, 7),
(153, 7),
(154, 6),
(155, 7),
(156, 7),
(157, 6),
(158, 7),
(159, 7),
(160, 6),
(161, 7),
(162, 7),
(163, 6),
(164, 7),
(165, 7),
(166, 6),
(167, 7),
(168, 7),
(169, 6),
(170, 7),
(171, 7),
(172, 6),
(173, 7),
(174, 7),
(175, 6),
(176, 7),
(177, 7),
(178, 6),
(179, 7),
(180, 7),
(181, 6),
(182, 7),
(183, 7),
(184, 6),
(185, 7),
(186, 7),
(187, 6),
(188, 7),
(189, 7),
(190, 6),
(191, 7),
(192, 7),
(193, 6),
(194, 7),
(195, 7),
(196, 6),
(197, 7),
(198, 7),
(199, 6),
(200, 7),
(201, 7),
(202, 6),
(203, 7),
(204, 7),
(205, 6),
(206, 7),
(207, 7),
(208, 6),
(209, 7),
(210, 7),
(211, 6),
(212, 6),
(213, 7),
(214, 7),
(215, 7),
(216, 6),
(217, 7),
(218, 7),
(219, 6),
(220, 7),
(221, 7),
(222, 7),
(223, 6),
(224, 7),
(225, 7),
(226, 6),
(227, 7),
(228, 7),
(229, 6),
(230, 7),
(231, 7),
(232, 6),
(233, 7),
(234, 7),
(235, 6),
(236, 6),
(237, 7),
(238, 7),
(239, 7),
(240, 7),
(241, 6),
(242, 6),
(243, 7),
(244, 7),
(245, 7),
(246, 7),
(247, 6),
(248, 7),
(249, 7),
(250, 6),
(251, 7),
(252, 6),
(253, 7),
(254, 7),
(255, 7),
(256, 6),
(257, 7),
(258, 7),
(259, 6),
(260, 6),
(261, 7),
(262, 7),
(263, 7),
(264, 7),
(265, 6),
(266, 7),
(267, 7),
(268, 6),
(269, 6),
(270, 7),
(271, 7),
(272, 7),
(273, 7),
(274, 6),
(275, 6),
(276, 7),
(277, 7),
(278, 7),
(279, 7),
(280, 6),
(281, 6),
(282, 7),
(283, 7),
(284, 7),
(285, 6),
(286, 7),
(287, 7),
(288, 7),
(289, 7),
(290, 7),
(291, 6),
(292, 6),
(293, 7),
(294, 7),
(295, 7),
(296, 7),
(297, 6),
(298, 6),
(299, 7),
(300, 7),
(301, 6),
(302, 6),
(303, 7),
(304, 7),
(305, 6),
(306, 7),
(307, 6),
(308, 7),
(309, 7),
(310, 7),
(311, 6),
(312, 7),
(313, 7),
(314, 6),
(315, 7),
(316, 7),
(317, 6),
(318, 7),
(319, 7),
(320, 6),
(321, 7),
(322, 7),
(323, 6),
(324, 7),
(325, 6),
(326, 7),
(327, 7),
(328, 7),
(329, 6),
(330, 7),
(331, 7),
(332, 6),
(333, 6),
(334, 7),
(335, 7),
(336, 7),
(337, 7),
(338, 6),
(339, 6),
(340, 7),
(341, 7),
(342, 7),
(343, 7),
(344, 6),
(345, 6),
(346, 7),
(347, 7),
(348, 7),
(349, 7),
(350, 6),
(351, 7),
(352, 6),
(353, 7),
(354, 7),
(355, 6),
(356, 7),
(357, 7),
(358, 7),
(359, 6),
(360, 7),
(361, 6),
(362, 7),
(363, 7),
(364, 6),
(365, 7),
(366, 7),
(367, 6),
(368, 7),
(369, 7),
(370, 7),
(371, 6),
(372, 7),
(373, 6),
(374, 7),
(375, 7),
(376, 7),
(377, 6),
(378, 7),
(379, 7),
(380, 6),
(381, 7),
(382, 6),
(383, 7),
(384, 7),
(385, 7),
(386, 6),
(387, 7),
(388, 6),
(389, 7),
(390, 7),
(391, 7),
(392, 6),
(393, 6),
(394, 7),
(395, 7),
(396, 7),
(397, 7),
(398, 6),
(399, 7),
(400, 6),
(400, 7),
(401, 7),
(402, 7),
(403, 6),
(404, 7),
(405, 7),
(406, 7),
(407, 6),
(408, 7),
(409, 6),
(410, 7),
(411, 7),
(412, 7),
(413, 6),
(414, 6),
(415, 7),
(416, 7),
(417, 7),
(418, 7),
(419, 6),
(420, 7),
(421, 7),
(422, 6),
(423, 7),
(424, 7),
(425, 6),
(426, 7),
(427, 7),
(428, 6),
(429, 7),
(430, 7),
(431, 6),
(432, 7),
(433, 7),
(434, 6),
(435, 7),
(436, 7),
(437, 6),
(438, 6),
(439, 7),
(440, 7),
(441, 7),
(442, 7),
(443, 6),
(444, 6),
(445, 7),
(446, 7),
(447, 7),
(448, 7),
(449, 6),
(450, 6),
(451, 7),
(452, 7),
(453, 7),
(454, 7),
(455, 6),
(456, 7),
(457, 7),
(458, 7),
(459, 2),
(460, 1),
(461, 6),
(462, 7),
(463, 7),
(464, 5),
(465, 6),
(466, 3),
(467, 5),
(468, 6),
(469, 4),
(470, 2);

-- --------------------------------------------------------

--
-- Estrutura da tabela `sala`
--

CREATE TABLE `sala` (
  `id` bigint(20) NOT NULL,
  `nome` varchar(255) DEFAULT NULL,
  `observacao` varchar(255) DEFAULT NULL
) ENGINE=MyISAM DEFAULT CHARSET=latin1;

--
-- Extraindo dados da tabela `sala`
--

INSERT INTO `sala` (`id`, `nome`, `observacao`) VALUES
(1, '001', 'Sala com 21 lugares mesas e cadeiras'),
(2, '002', 'Sala para apresentação e Pós'),
(3, '003', 'Laboratório de informática 30 computadores'),
(4, '101', 'Sala convencional 40 lugares.'),
(5, '112', 'Laboratório de montagem e manutenção 20 computadores e\r\n2 servidores'),
(6, '111', 'Laboratório de Informática com 30 computadores\r\n'),
(7, '004', 'Laboratório de enfermagem'),
(8, '004 A', 'Laboratório de analise clinicas'),
(9, '005', 'Sala convencional 40 lugares '),
(10, '102', 'Sala convencional 40 lugares '),
(11, '103', 'Sala convencional 40 lugares '),
(12, '104', 'Sala convencional 40 lugares '),
(13, '105', 'Sala convencional 40 lugares '),
(14, '106', '8 computadores e 40 lugares'),
(15, '107', '8 computadores e 40 lugares'),
(16, '108', 'Sala convencional com 40 lugares'),
(17, '109', 'laboratório de informática com 30 lugares'),
(18, '110', 'laboratório de informática com 30 lugares'),
(19, '113', 'Laboratório de moda.'),
(20, '114', 'sala conceito'),
(21, '115', '6 computadores e 40 lugares'),
(22, '116', '6 computadores e 40 lugares'),
(23, '006', 'Laboratório de micropiguimentação'),
(24, '007', 'Salão de beleza'),
(25, 'Sala de Reuniões', '');

-- --------------------------------------------------------

--
-- Estrutura da tabela `usuario`
--

CREATE TABLE `usuario` (
  `id` bigint(20) NOT NULL,
  `enable` tinyint(1) NOT NULL,
  `login` varchar(255) DEFAULT NULL,
  `nome` varchar(50) NOT NULL,
  `senha` varchar(15) NOT NULL,
  `idPerfil` bigint(20) DEFAULT NULL
) ENGINE=MyISAM DEFAULT CHARSET=latin1;

--
-- Extraindo dados da tabela `usuario`
--

INSERT INTO `usuario` (`id`, `enable`, `login`, `nome`, `senha`, `idPerfil`) VALUES
(1, 1, 'silvio.junior@edu.sc.senac.br', 'Junior', '12345', 1),
(4, 1, 'fabian.souza@sc.senac.br', 'Fábian Luiz Mendonça Souza', 'senac@2016', 1),
(5, 1, 'roberta@sc.senac.br', 'roberta', '12345', 1),
(6, 1, 'ana.kuhnen@sc.senac.br', 'Ana Kuhnen', '@kuhnen1617', 1),
(7, 1, 'antonio@sc.senac.br', 'Antonio', '12345', 1),
(8, 1, 'taisa.rossafa@edu.sc.senac.br', 'Taisa', '12345', 1),
(9, 1, 'monique.aguiar@sc.senac.br', 'Monique', '12345', 1),
(10, 1, 'francinesc@sc.senac.br', 'Francine', '280999', 1);

--
-- Indexes for dumped tables
--

--
-- Indexes for table `agenda`
--
ALTER TABLE `agenda`
  ADD PRIMARY KEY (`id`),
  ADD KEY `FK_jj2fk6holntvhwdgtlmjjehod` (`idUsuario`);

--
-- Indexes for table `dia_da_semana`
--
ALTER TABLE `dia_da_semana`
  ADD PRIMARY KEY (`id`),
  ADD UNIQUE KEY `UK_7uvoeqka4nrl79c1h5sis5hgr` (`numeroDoDia`);

--
-- Indexes for table `funcao`
--
ALTER TABLE `funcao`
  ADD PRIMARY KEY (`id`);

--
-- Indexes for table `funcionario`
--
ALTER TABLE `funcionario`
  ADD PRIMARY KEY (`id`),
  ADD UNIQUE KEY `UK_t45qja1wnv0hu1cdw6vqjljgy` (`email`),
  ADD KEY `FK_ivhf468dtsiknvml453elg6bg` (`idFuncao`);

--
-- Indexes for table `perfil`
--
ALTER TABLE `perfil`
  ADD PRIMARY KEY (`id`);

--
-- Indexes for table `reserva`
--
ALTER TABLE `reserva`
  ADD PRIMARY KEY (`id`),
  ADD KEY `FK_5xm06reha3gn5hban0d0ll38h` (`idUsuario`),
  ADD KEY `FK_jyg3hlyslhah1ujwro8ok2pvu` (`idSala`);

--
-- Indexes for table `reserva_dias_da_semana`
--
ALTER TABLE `reserva_dias_da_semana`
  ADD KEY `FK_5b5fhkfcm6d2wdoxnbgjqoa1x` (`dia_da_semana_id`),
  ADD KEY `FK_dkid2i6y7p7uel45k0ef903se` (`reserva_id`);

--
-- Indexes for table `sala`
--
ALTER TABLE `sala`
  ADD PRIMARY KEY (`id`);

--
-- Indexes for table `usuario`
--
ALTER TABLE `usuario`
  ADD PRIMARY KEY (`id`),
  ADD UNIQUE KEY `UK_pm3f4m4fqv89oeeeac4tbe2f4` (`login`),
  ADD KEY `FK_suqouoby8myrl805nnnxw8i4l` (`idPerfil`);

--
-- AUTO_INCREMENT for dumped tables
--

--
-- AUTO_INCREMENT for table `agenda`
--
ALTER TABLE `agenda`
  MODIFY `id` bigint(20) NOT NULL AUTO_INCREMENT, AUTO_INCREMENT=34;

--
-- AUTO_INCREMENT for table `dia_da_semana`
--
ALTER TABLE `dia_da_semana`
  MODIFY `id` bigint(20) NOT NULL AUTO_INCREMENT, AUTO_INCREMENT=8;

--
-- AUTO_INCREMENT for table `funcao`
--
ALTER TABLE `funcao`
  MODIFY `id` bigint(20) NOT NULL AUTO_INCREMENT, AUTO_INCREMENT=7;

--
-- AUTO_INCREMENT for table `funcionario`
--
ALTER TABLE `funcionario`
  MODIFY `id` bigint(20) NOT NULL AUTO_INCREMENT, AUTO_INCREMENT=3;

--
-- AUTO_INCREMENT for table `perfil`
--
ALTER TABLE `perfil`
  MODIFY `id` bigint(20) NOT NULL AUTO_INCREMENT, AUTO_INCREMENT=3;

--
-- AUTO_INCREMENT for table `reserva`
--
ALTER TABLE `reserva`
  MODIFY `id` bigint(20) NOT NULL AUTO_INCREMENT, AUTO_INCREMENT=471;

--
-- AUTO_INCREMENT for table `sala`
--
ALTER TABLE `sala`
  MODIFY `id` bigint(20) NOT NULL AUTO_INCREMENT, AUTO_INCREMENT=26;

--
-- AUTO_INCREMENT for table `usuario`
--
ALTER TABLE `usuario`
  MODIFY `id` bigint(20) NOT NULL AUTO_INCREMENT, AUTO_INCREMENT=11;
COMMIT;

/*!40101 SET CHARACTER_SET_CLIENT=@OLD_CHARACTER_SET_CLIENT */;
/*!40101 SET CHARACTER_SET_RESULTS=@OLD_CHARACTER_SET_RESULTS */;
/*!40101 SET COLLATION_CONNECTION=@OLD_COLLATION_CONNECTION */;
